Link,Name,Personal Links,Expertise,History 1 Title,History 1 Location,History 1 Start,History 1 End,History 2 Title,History 2 Location,History 2 Start,History 2 End,History 3 Title,History 3 Location,History 3 Start,History 3 End,History 4 Title,History 4 Location,History 4 Start,History 4 End,History 5 Title,History 5 Location,History 5 Start,History 5 End,History 6 Title,History 6 Location,History 6 Start,History 6 End,History 7 Title,History 7 Location,History 7 Start,History 7 End,History 8 Title,History 8 Location,History 8 Start,History 8 End,History 9 Title,History 9 Location,History 9 Start,History 9 End
https://openreview.net/profile?id=~Abir_De1,Abir De,Google Scholar (https://scholar.google.co.in/citations?user=_9ZKKbIAAAAJ&hl=en); DBLP (https://dblp.org/pid/118/7174),Learning with sets; subset selection; Graph neural network; Learning with graphs; Differentiable approximation of procedural algorithms,Assistant Professor,"Indian Institute of Technology Bombay, (iitb.ac.in) [IN]",2019,Present,Postdoc,MPI-SWS (mpi-sws.org) [DE],2018,2019,PhD student,Indian Institute of Technology Kharagpur (iitkgp.ac.in) [IN],2012,2017,,,,,,,,,,,,,,,,,,,,,,,,
https://openreview.net/profile?id=~Aditya_Gopalan1,Aditya Gopalan,Homepage (https://ece.iisc.ac.in/~aditya/); Google Scholar (https://scholar.google.com/citations?user=dM5_1NsAAAAJ); DBLP (https://dblp.org/pid/90/9826),Reinforcement learning; Online learning; Bandits; Communication networks; Resource allocation algorithms,Associate Professor,Indian Institute of Science (iisc.ac.in) [IN],2020,2026,Assistant Professor,Indian Institute of Science (iisc.ac.in),2014,2020,,,,,,,,,,,,,,,,,,,,,,,,,,,,
https://openreview.net/profile?id=~Aleksandr_Anokhin2,Aleksandr Anokhin,Google Scholar (https://scholar.google.com/citations?hl=en&user=dNShvLAAAAAJ),Long-context LLMs; context window extension methods; RAG (retrieval-augmented generation); LLM critics; RMT (Recurrent Memory Transformer),Indepent Research,My own research (gmail.com) [RU],2024,2025,,,,,,,,,,,,,,,,,,,,,,,,,,,,,,,,
https://openreview.net/profile?id=~Anastasia_Stasenko1,Anastasia Stasenko,LinkedIn (https://www.linkedin.com/in/anastasia-stasenko?utm_source=share&utm_campaign=share_via&utm_content=profile&utm_medium=ios_app),Generative AI; Computational social sciences,Lecturer,Sorbonne Université - Faculté des Sciences (Paris VI) (sorbonne-universite.fr) [FR],2022,Present,PhD student,Ecole Normale Supérieure de Cachan (ens-paris-saclay.fr),2015,2018,,,,,,,,,,,,,,,,,,,,,,,,,,,,
https://openreview.net/profile?id=~Anirban_Dasgupta1,Anirban Dasgupta,Homepage (https://sites.google.com/site/anirbandasgupta); Google Scholar (https://scholar.google.com/citations?user=plJC8R0AAAAJ); DBLP (https://dblp.org/pid/54/385-1),sketching; dimension reduction; randomized algorithms; coresets; social network analysis; clustering,Professor,IIT Gandhinagar (iitgn.ac.in),2020,Present,Associate Professor,IIT Gandhinagar (iitgn.ac.in),2014,2020,Research Scientist,Yahoo (yahoo-inc.com),2006,2014,PhD student,Cornell University (cornell.edu),2000,2006,,,,,,,,,,,,,,,,,,,,
https://openreview.net/profile?id=~Antoine_Bosselut1,Antoine Bosselut,Homepage (https://atcbosselut.github.io/); Google Scholar (https://scholar.google.com/citations?user=XD9hkJwAAAAJ); DBLP (https://dblp.org/pid/184/3742); Semantic Scholar (https://www.semanticscholar.org/author/2691021); ORCID (https://orcid.org/0000-0001-8968-9649); ACL Anthology (https://aclanthology.org/people/a/antoine-bosselut/),nlp,Assistant Professor,EPFL (epfl.ch) [CH],2021,Present,Postdoc,"Computer Science Department, Stanford University (cs.stanford.edu) [US]",2020,2021,Young Investigator,Allen Institute for Artificial Intelligence (allenai.org) [US],2020,2021,PhD student,"Department of Computer Science, University of Washington (cs.washington.edu) [US]",2014,2020,,,,,,,,,,,,,,,,,,,,
https://openreview.net/profile?id=~Artyom_Sorokin1,Artyom Sorokin,Homepage (https://github.com/griver); Google Scholar (https://scholar.google.com/citations?user=m0MQ6asAAAAJ&hl=en); DBLP (https://dblp.org/pid/241/5267),Information Retrieval; LLM Agents; NLP; Reinfrocement Learning; RNNs; Memory,Principal Researcher,Applied AI Institute  (applied-ai.ru) [RU],2026,Present,Indepent Research,My own research (gmail.com) [RU],2025,2025,Researcher,Skolkovo Institute of Science and Technology (skoltech.ru) [RU],2024,2025,Researcher,Artificial Intelligence Research Institute (airi.net) [RU],2021,2025,,,,,,,,,,,,,,,,,,,,
https://openreview.net/profile?id=~Ayush_Kumar_Tarun1,Ayush Kumar Tarun,Homepage (https://ayushkumartarun.github.io/); Google Scholar (https://scholar.google.com/citations?user=QYJGgtsAAAAJ); DBLP (https://dblp.org/pid/306/7616); Semantic Scholar (https://www.semanticscholar.org/author/Ayush-K-Tarun/2141034263); LinkedIn (https://www.linkedin.com/in/ayush-kumar-83228b1a2/),multilingual LLMs; LLMs; NLP; data valuation; machine unlearning; privacy in machine learning,PhD student,EPFL - EPF Lausanne (epfl.ch) [CH],2024,Present,Undergrad student,"BITS Pilani, BITS Pilani (pilani.bits-pilani.ac.in) [IN]",2018,2022,,,,,,,,,,,,,,,,,,,,,,,,,,,,
https://openreview.net/profile?id=~Bo_Zheng5,Bo Zheng,Google Scholar (https://scholar.google.com/citations?user=3gHhO9QAAAAJ); DBLP (https://dblp.org/pid/33/1610-7); ORCID (https://orcid.org/0000-0002-4037-6315); LinkedIn (https://www.linkedin.com/in/bo-zheng-0315254/),Generative AI; Machine Learning; Computer network,Principal Researcher,Alibaba Group (alibaba-inc.com) [CN],2017,Present,Staff Engineer,Google (google.com) [US],2006,2017,PhD student,Tsinghua University (tsinghua.edu.cn) [CN],2001,2006,Undergrad student,Tsinghua University (tsinghua.edu.cn) [CN],1997,2001,,,,,,,,,,,,,,,,,,,,
https://openreview.net/profile?id=~Carlos_Rosas_Hinostroza1,Carlos Rosas Hinostroza,DBLP (https://dblp.org/pid/405/6797); Semantic Scholar (https://www.semanticscholar.org/author/Carlos-Rosas-Hinostroza/2357720743); ORCID (https://orcid.org/0009-0006-3507-0756),,Lecturer,Université Sorbonne-Nouvelle (Paris III) (univ-paris3.fr) [FR],2025,Present,PhD student,Ecole Normale Supérieure – PSL (ens.psl.eu) [FR],2025,Present,MS student,Sorbonne Université - Faculté des Lettres (Paris VI) (sorbonne-universite.fr) [FR],2023,2024,MS student,Université Gustave Eiffel (univ-gustave-eiffel.fr) [FR],2022,2023,Undergrad student,Université Paris-Sorbonne (Paris IV) (paris4.sorbonne.fr) [FR],2017,2020,Undergrad student,Universidad Nacional Mayor de San Marcos (unmsm.edu.pe) [PE],2009,2014,,,,,,,,,,,,
https://openreview.net/profile?id=~Caswell_Barry1,Caswell Barry,DBLP (https://dblp.org/pid/220/3769),,Principal Researcher,University College London (ucl.ac.uk),2007,Present,,,,,,,,,,,,,,,,,,,,,,,,,,,,,,,,
https://openreview.net/profile?id=~Catherine_Arnett1,Catherine Arnett,Homepage (https://catherinearnett.github.io/); Google Scholar (https://scholar.google.com/citations?user=gIDJdFAAAAAJ&hl=en&oi=ao); DBLP (https://dblp.org/pid/358/8873); Semantic Scholar (https://www.semanticscholar.org/author/Catherine-Arnett/2257347764); ORCID (https://orcid.org/0000-0003-0448-5415); LinkedIn (https://www.linkedin.com/in/catherine-arnett96/); ACL Anthology (https://aclanthology.org/people/c/catherine-arnett/),tokenizers; large language models; multilingual NLP,Researcher,EleutherAI (eleuther.ai) [US],2025,Present,Researcher,PleIAs (pleias.fr) [FR],2024,2025,PhD student,"University of California, San Diego (ucsd.edu) [US]",2019,2025,Undergrad student,"University of Edinburgh, University of Edinburgh (ed.ac.uk) [GB]",2014,2018,,,,,,,,,,,,,,,,,,,,
https://openreview.net/profile?id=~Chao_Li28,Chao Li,ORCID (https://orcid.org/0000-0002-9371-498X),,MS student,Chinese academic of science (ia.ac.an),2021,2024,,,,,,,,,,,,,,,,,,,,,,,,,,,,,,,,
https://openreview.net/profile?id=~Qi_Wang11,Qi Wang,Homepage (https://sites.google.com/view/albert-q-wang-at-ai-community/home); Google Scholar (https://scholar.google.com/citations?hl=en&user=RjY2veMAAAAJ&view_op=list_works&sortby=pubdate); DBLP (https://dblp.org/pid/375/3186); Semantic Scholar (https://www.semanticscholar.org/author/Qi-Cheems-Wang/50621207); ORCID (https://orcid.org/0009-0003-7758-725X); LinkedIn (https://www.linkedin.com/in/qi-cheems-wang-518a421a1/),Large Models; Multi-Task Learning; Reinforcement Learning; Meta Learning; Bayesian Deep Learning; Generative Modelling,Researcher,Tsinghua University (cs.tsinghua.edu.cn) [CN],2024,Present,Intern,National University of Defense Technology (nudt.edu.cn) [CN],2025,2026,PhD student,University of Amsterdam (uva.nl) [NL],2018,2022,Undergrad student,Sichuan University (scu.edu.cn) [CN],2011,2015,,,,,,,,,,,,,,,,,,,,
https://openreview.net/profile?id=~Chen_Tessler1,Chen Tessler,Homepage (https://chentessler.wixsite.com/Tessler); Google Scholar (https://scholar.google.co.il/citations?user=7eLKa3IAAAAJ&hl=en); DBLP (https://dblp.org/pid/179/2389); LinkedIn (https://www.linkedin.com/in/chentessler/),deep learning; reinforcement learning,Researcher,NVIDIA (nvidia.com) [IL],2022,Present,PhD student,"Technion, Technion (technion.ac.il)",2019,2022,MS student,Technion (technion.ac.il),2018,2019,Undergrad student,Technion (technion.ac.il),2014,2017,,,,,,,,,,,,,,,,,,,,
https://openreview.net/profile?id=~Chuan_Yu1,Chuan Yu,Homepage (https://scholar.google.com/citations?hl=zh-CN&user=FmEh2q80rjEC); Google Scholar (https://scholar.google.com/citations?hl=zh-CN&user=FmEh2q80rjEC); ORCID (https://orcid.org/0000-0001-8094-1545),,Researcher,Alibaba Group (alibaba-inc.com) [CN],2015,2026,MS student,"Tsinghua University, Tsinghua University (tsinghua.edu.cn) [CN]",2012,2015,Undergrad student,"Tsinghua University, Tsinghua University (tsinghua.edu.cn) [CN]",2008,2012,,,,,,,,,,,,,,,,,,,,,,,,
https://openreview.net/profile?id=~David_Mach1,David Mach,LinkedIn (https://www.linkedin.com/in/machdavid),,MS student,Institut d'Etudes Politiques de Paris (Sciences Po) (sciencespo.fr) [FR],2022,2025,,,,,,,,,,,,,,,,,,,,,,,,,,,,,,,,
https://openreview.net/profile?id=~Debangshu_Banerjee1,Debangshu Banerjee,Google Scholar (https://scholar.google.com/citations?user=FXkrG54AAAAJ&hl=en); DBLP (https://dblp.org/pid/268/6756-2); ORCID (https://orcid.org/0009-0004-0959-9205),,PhD student,Indian Institute of Science (iisc.ac.in) [IN],2019,2026,Intern,Google (google.com) [IN],2024,2025,Intern,International Business Machines (ibm.com) [IN],2023,2023,MS student,"Indian Institute of Science, Indian institute of science, Bangalore (iisc.ac.in) [IN]",2016,2018,,,,,,,,,,,,,,,,,,,,
https://openreview.net/profile?id=~Derek_F._Wong1,Derek F. Wong,Homepage (https://www.fst.um.edu.mo/personal/derek-wong/); Google Scholar (https://scholar.google.com/citations?user=KjQBe8oAAAAJ&hl=en); DBLP (https://dblp.org/pid/123/0533); Semantic Scholar (https://www.semanticscholar.org/author/Derek-F.-Wong/1758353); ORCID (https://orcid.org/0000-0002-5307-7322); LinkedIn (https://www.linkedin.com/in/derek-wong-6209445/); ACL Anthology (https://aclanthology.org/people/d/derek-f-wong/),Machine Translation; Natural Language Processing,Full Professor,University of Macau (um.edu.mo) [MO],2025,Present,Associate Professor,University of Macau (um.edu.mo) [MO],2017,2025,Assistant Professor,University of Macau (um.edu.mo) [MO],2008,2017,,,,,,,,,,,,,,,,,,,,,,,,
https://openreview.net/profile?id=~Donghu_Kim1,Donghu Kim,Homepage (https://i-am-proto.github.io); Google Scholar (https://scholar.google.com/citations?user=LcYjQYcAAAAJ&hl=en); DBLP (https://dblp.org/pid/379/3468); LinkedIn (https://www.linkedin.com/in/donghu-kim-3b57972b6/),Reinforcement Learning,MS student,Korea Advanced Institute of Science & Technology (kaist.ac.kr) [KR],2024,Present,Undergrad student,Korea University (korea.ac.kr) [KR],2018,2024,,,,,,,,,,,,,,,,,,,,,,,,,,,,
https://openreview.net/profile?id=~Egor_KONSTANTINOVICH_VEDERNIKOV1,Egor KONSTANTINOVICH VEDERNIKOV,Homepage (https://github.com/EgoVed); LinkedIn (https://www.linkedin.com/in/egorvedernikov/),nlp; llm; deep learning,Independent Researcher,Idependent (independent.com) [RU],2023,Present,Researcher,Baltic State Technical University (voenmeh.ru) [RU],2020,2023,,,,,,,,,,,,,,,,,,,,,,,,,,,,
https://openreview.net/profile?id=~Eliot_Jones2,Eliot Krzysztof Jones,Homepage (https://www.eliotkjones.me); ORCID (https://orcid.org/0000-0001-6649-1728); LinkedIn (https://www.linkedin.com/in/eliot-krzysztof-jones/),,Researcher,Gray Swan (grayswan.ai) [US],2024,Present,MS student,Stanford University (stanford.edu) [US],2023,2024,Undergrad student,Stanford University (stanford.edu) [US],2020,2023,,,,,,,,,,,,,,,,,,,,,,,,
https://openreview.net/profile?id=~Eric_Wang8,Hao Wang,Homepage (https://xpbooster.github.io/); Google Scholar (https://scholar.google.com/citations?user=2ZMnbaoAAAAJ&hl=en); DBLP (https://dblp.org/pid/305/6652.html); Semantic Scholar (https://www.semanticscholar.org/author/Hao-Wang/2144221741); ORCID (https://orcid.org/0000-0002-3243-487X),Time series; Time-series forecast; Causal Inference; Recommender System; Optimal Transport; time series,Researcher,Xiaohongshu (xiaohongshu.com) [CN],2025,2026,PhD student,Zhejiang University (zju.edu.cn),2021,2025,Intern,Microsoft (microsoft.com),2022,2023,Intern,Huawei Technologies Ltd. (huawei.com) [CN],2022,2022,Intern,Alibaba Group (alibaba-inc.com),2021,2022,,,,,,,,,,,,,,,,
https://openreview.net/profile?id=~Evgeniy_V._Nam1,Evgeniy V. Nam,Google Scholar (https://scholar.google.com/citations?hl=ru&user=0XMrdJsAAAAJ); ORCID (https://orcid.org/0009-0006-0939-4001),Machine learning; Deep learning; Chemistry,MS student,ITMO University (itmo.ru) [RU],2023,2025,Undergrad student,Mendeleev Russian University of Chemical Technology (muctr.edu.ru) [RU],2019,2023,,,,,,,,,,,,,,,,,,,,,,,,,,,,
https://openreview.net/profile?id=~Evgeny_Burnaev1,Evgeny Burnaev,Homepage (https://applied-ai.ru); Google Scholar (https://scholar.google.ru/citations?user=pCRdcOwAAAAJ&hl=ru); DBLP (https://dblp.org/pid/144/7845); Semantic Scholar (https://www.semanticscholar.org/author/Evgeny-Burnaev/51139941); ORCID (https://orcid.org/0000-0001-8424-0690); ACL Anthology (https://aclanthology.org/people/evgeny-burnaev/),stochastic processes; change-point detection; optimal stopping problems; anomaly detection; kernel methods; gaussian process models; bayesian optimization; surrogate modeling; 3D deep neural networks; point cloud segmentation; lidar data; voxel data; fMRI data; 3D shape retrieval; 3D shape classification; generative modeling; manifold learning; optimal transport; topological data analysis,Principal Researcher,Applied AI Institute (applied-ai.ru) [RU],2025,Present,Full Professor,Skolkovo Institute of Science and Technology (skoltech.ru) [RU],2022,2024,Associate Professor,Skolkovo Institute of Science and Technology (skoltech.ru) [RU],2016,2022,,,,,,,,,,,,,,,,,,,,,,,,
https://openreview.net/profile?id=~Fahmida_Haque_Fariha1,Fahmida Haque Fariha,LinkedIn (https://www.linkedin.com/in/fahmida-haque-fariha-0a8466333/),,Undergrad student,BRAC University (bracu.ac.bd) [BD],2021,Present,,,,,,,,,,,,,,,,,,,,,,,,,,,,,,,,
https://openreview.net/profile?id=~Francesca_Cacucci1,Francesca Cacucci,Homepage (https://profiles.ucl.ac.uk/7486-francesca-cacucci/about); Google Scholar (https://scholar.google.com/scholar?hl=en&as_sdt=0%2C5&q=francesca+cacucci&btnG=); ORCID (https://orcid.org/0000-0002-1968-5156),Navigation; Neuroscience; Memory,Full Professor,"University College London, University of London (ucl.ac.uk) [GB]",2018,Present,,,,,,,,,,,,,,,,,,,,,,,,,,,,,,,,
https://openreview.net/profile?id=~Francesco_Tudisco1,Francesco Tudisco,Homepage (https://ftudisco.gitlab.io/); Google Scholar (https://scholar.google.com/citations?user=uND_5REAAAAJ&hl=en); DBLP (https://dblp.org/pid/136/5777); Semantic Scholar (https://www.semanticscholar.org/author/Francesco-Tudisco/1930256); ORCID (https://orcid.org/0000-0002-8150-4475),Pruning of neural networks; Fixed point theory; Graph-based machine learning; spectral graph theory; spectral clustering; deep equilibrium models; neural odes; implicit neural networks; dynamical systems; matrix theory,Associate Professor,"University of Edinburgh, University of Edinburgh (ed.ac.uk) [GB]",2023,Present,Associate Professor,Gran Sasso Science Institute (gssi.it) [IT],2022,Present,,,,,,,,,,,,,,,,,,,,,,,,,,,,
https://openreview.net/profile?id=~Haobo_Fu2,Haobo Fu,Homepage (https://haobofu.github.io/); Google Scholar (https://scholar.google.com/citations?user=LFdJXNcAAAAJ&hl=en); DBLP (https://dblp.org/pid/85/8571); LinkedIn (https://www.linkedin.com/in/haobo-fu-382b0784/),LLM Agent; Vision Language Model; Reinforcement Learning; Imperfect Information Games; Game Theory; Machine Learning; Data Mining; Click-through Rate Prediction; Hyper-parameter Optimization; Evolutionary Computation; Dynamic Optimization,Principal Researcher,Tencent AI Lab (tencent.com) [CN],2016,Present,Researcher,Baidu Big Data Lab (baidu.com) [CN],2014,2016,PhD student,University of Birmingham (bham.ac.uk) [GB],2010,2014,,,,,,,,,,,,,,,,,,,,,,,,
https://openreview.net/profile?id=~Haoxuan_Li6,Haoxuan Li,Homepage (https://haoxuanli-pku.github.io/); Google Scholar (https://scholar.google.com/citations?user=gtDqiucAAAAJ); DBLP (https://dblp.org/pid/145/4965-1); Semantic Scholar (https://www.semanticscholar.org/author/Haoxuan-Li/2359469600); ORCID (https://orcid.org/0000-0003-3620-3769); ACL Anthology (https://aclanthology.org/people/haoxuan-li),causal inference; recommender system; bias; debias,Researcher,Peking University (pku.edu.cn) [CN],2025,2026,PhD student,Peking University (pku.edu.cn) [CN],2021,2025,,,,,,,,,,,,,,,,,,,,,,,,,,,,
https://openreview.net/profile?id=~Heuiseok_Lim1,Heuiseok Lim,Homepage (http://nlp.korea.ac.kr); Google Scholar (https://scholar.google.com/citations?user=HMTkz7oAAAAJ&hl=en); DBLP (https://dblp.org/pid/127/4881); Semantic Scholar (https://www.semanticscholar.org/author/Heuiseok-Lim/31312182); ORCID (https://orcid.org/0000-0002-9269-1157); ACL Anthology (https://aclanthology.org/people/h/heui-seok-lim/),Hallucination; Language Model; Machine translation,Full Professor,Korea University (korea.ac.kr) [KR],2008,2035,,,,,,,,,,,,,,,,,,,,,,,,,,,,,,,,
https://openreview.net/profile?id=~Hojoon_Lee1,Hojoon Lee,Homepage (https://joonleesky.github.io/),,Researcher,Holiday Robotics (holiday-robotics.com) [KR],2026,2026,Intern,Krafton AI (krafton.com) [KR],2025,2025,PhD student,Korea Advanced Institute of Science and Technology (kaist.ac.kr) [KR],2022,2025,Intern,Sony AI (sony.com) [JP],2024,2024,MS student,Korea Advanced Institute of Science and Technology (kaist.ac.kr),2020,2022,Undergrad student,Korea University (korea.ac.kr),2014,2020,,,,,,,,,,,,
https://openreview.net/profile?id=~Hongsheng_Yu1,Hongsheng Yu,DBLP (https://dblp.org/pid/35/10189.html); LinkedIn (https://www.linkedin.com/in/yhs-17ba75111/),Alignment; Reinforcement Learning,Researcher,Tencent AI Lab (tencent.com) [CN],2017,Present,MS student,Zhejiang University (zju.edu.cn) [CN],2014,2017,,,,,,,,,,,,,,,,,,,,,,,,,,,,
https://openreview.net/profile?id=~Hu_Ao1,Hu Ao,ORCID (https://orcid.org/0009-0002-8954-6546),Reinforcement Learning; Transfer Learning; Causal Inference; Knowledge Graph,PhD student,Zhongnan University of Economics and Law (stu.zuel.edu.cn) [CN],2023,2028,,,,,,,,,,,,,,,,,,,,,,,,,,,,,,,,
https://openreview.net/profile?id=~Hua_Ji1,Hua Ji,ORCID (https://orcid.org/0009-0000-9756-9647),Transfer Learning,PhD student,Zhongnan University of Economics and Law (stu.zuel.edu.cn) [CN],2024,2029,,,,,,,,,,,,,,,,,,,,,,,,,,,,,,,,
https://openreview.net/profile?id=~Hui_Min_Tan1,Hui Min Tan,ORCID (https://orcid.org/0000-0002-5326-7417); LinkedIn (https://www.linkedin.com/in/hui-min-tan-4aa35b38),Attachment Security and Mother-Child Relationships; Neuroethology; Developmental Neuroscience; Systems Neuroscience; Neuroscience,Senior Vet Nurse,Animal Concerns Research & Education Society (acres.org.sg) [SG],2024,2025,Senior Research Fellow,National University of Singapore (nus.edu.sg) [SG],2018,2024,Research Fellow,A*STAR (a-star.edu.sg) [SG],2015,2018,PhD student,"University College London, University of London (ucl.ac.uk) [GB]",2009,2015,,,,,,,,,,,,,,,,,,,,
https://openreview.net/profile?id=~Hyeonseok_Moon1,Hyeonseok Moon,Google Scholar (https://scholar.google.com/citations?user=queGQ5UAAAAJ&hl=ko); DBLP (https://dblp.org/pid/295/3184); Semantic Scholar (https://www.semanticscholar.org/author/Hyeonseok-Moon/2101318920); ORCID (https://orcid.org/0000-0002-0841-4262); ACL Anthology (https://aclanthology.org/people/h/hyeonseok-moon/),Large Language Model; Evaluation & Metrics; Neural Machine Translation; Deep Learning; Language Generation,Researcher,Samsung Electronics (samsung.com) [KR],2026,Present,PhD student,Korea University (korea.ac.kr) [KR],2021,2026,Undergrad student,Korea University (korea.ac.kr) [KR],2015,2021,,,,,,,,,,,,,,,,,,,,,,,,
https://openreview.net/profile?id=~Indradyumna_Roy1,Indradyumna Roy,Homepage (https://indradyumna.github.io/); Google Scholar (https://scholar.google.com/citations?user=qb70i84AAAAJ); DBLP (https://dblp.org/pid/124/9185.html); Semantic Scholar (https://www.semanticscholar.org/author/I.-Roy/153779567),,PhD student,Indian Institute of Technology Bombay (iitb.ac.in) [IN],2021,Present,,,,,,,,,,,,,,,,,,,,,,,,,,,,,,,,
https://openreview.net/profile?id=~Insaniyat_Ishan1,Insaniyat Ishan,LinkedIn (https://www.linkedin.com/in/insaniyat-ishan-101b811a3/),AI; Ml; Cybersecurity,Undergrad student,BRAC University (bracu.ac.bd) [BD],2021,2025,,,,,,,,,,,,,,,,,,,,,,,,,,,,,,,,
https://openreview.net/profile?id=~Irène_Girard1,Irène Girard,LinkedIn (https://www.linkedin.com/in/ir%C3%A8ne-girard-a272ab203/),,MS student,Université Gustave Eiffel (univ-gustave-eiffel.fr) [FR],2024,2025,,,,,,,,,,,,,,,,,,,,,,,,,,,,,,,,
https://openreview.net/profile?id=~Isaac_Han1,Isaac Han,Homepage (https://isaac7778.github.io/); Google Scholar (https://scholar.google.co.kr/citations?user=ralPRksAAAAJ&hl=en); LinkedIn (https://www.linkedin.com/in/isaac-han-170291177/),Continual Learning; Reinforcement Learning,PhD student,Gwangju Institute of Science and Technology (gm.gist.ac.kr) [KR],2020,2026,,,,,,,,,,,,,,,,,,,,,,,,,,,,,,,,
https://openreview.net/profile?id=~Ivan_P._Yamshchikov1,Ivan P. Yamshchikov,Homepage (https://www.yamshchikov.info/); Google Scholar (https://scholar.google.com/citations?user=y77r-h4AAAAJ); DBLP (https://dblp.org/pid/178/9094); Semantic Scholar (https://www.semanticscholar.org/author/Ivan-P.-Yamshchikov/3380587); ORCID (https://orcid.org/0000-0003-3784-0671); LinkedIn (https://www.linkedin.com/in/kroniker/); ACL Anthology (https://aclanthology.org/people/i/ivan-p-yamshchikov/),Digital Psychology; Automated document processing; Large Language Models; Digital History; Generative AI; Computational Creativity,Full Professor,Technical University of Applied Sciences Würzburg-Schweinfurt (thws.de) [DE],2023,Present,Visiting Associate Professor,"ISEG, University of Lisbon (iseg.ulisboa.pt) [PT]",2021,2024,Researcher,Yandex (yandex-team.ru),2021,2022,Associate Professor,Higher School of Economics (hse.ru) [RU],2021,2022,Postdoc,"Max Planck Institute for Mathematics in the Sciences, Max-Planck Institute (mis.mpg.de) [DE]",2017,2021,Researcher,University of Applied Sciences Zittau/Goerlitz (hszg.de) [DE],2013,2016,PhD student,Brandenburg Technical University (b-tu.de) [DE],2013,2016,,,,,,,,
https://openreview.net/profile?id=~Jian_Xu8,Jian Xu,Homepage (https://www.linkedin.com/in/jianxu15/); Google Scholar (https://scholar.google.com/citations?user=30VZBsIAAAAJ); DBLP (https://dblp.org/pid/73/1149-15.html); ORCID (https://orcid.org/0000-0003-3111-1005); LinkedIn (https://www.linkedin.com/in/jianxu15/),Machine Learning; Data Mining; Computational Advertising,Principal Researcher,Taobao & Tmall Group of Alibaba (alibaba-inc.com) [CN],2023,Present,,,,,,,,,,,,,,,,,,,,,,,,,,,,,,,,
https://openreview.net/profile?id=~Jianghan_Chao1,Jianghan Chao,Homepage (https://github.com/roverx12345),,Undergrad student,Renmin University of China (ruc.edu.cn) [CN],2021,Present,,,,,,,,,,,,,,,,,,,,,,,,,,,,,,,,
https://openreview.net/profile?id=~Jinghao_Chen1,Jinghao Chen,Google Scholar (https://scholar.google.com/citations?hl=en&user=x6LBIWQAAAAJ),reinforcement learning,MS student,Tsinghua University (mails.tsinghua.edu.cn) [CN],2022,2025,Undergrad student,Tsinghua University (mails.tsinghua.edu.cn) [CN],2018,2022,,,,,,,,,,,,,,,,,,,,,,,,,,,,
https://openreview.net/profile?id=~Joshua_P_Bassett1,Joshua P Bassett,Google Scholar (https://scholar.google.com/citations?user=Nax1dY4AAAAJ&hl=en); ORCID (https://orcid.org/0000-0002-0894-0625),systems neuroscience; comparative neuroanatomy,Researcher,"University College London, University of London (ucl.ac.uk) [GB]",2013,Present,,,,,,,,,,,,,,,,,,,,,,,,,,,,,,,,
https://openreview.net/profile?id=~Junchao_Wu2,Junchao Wu,Homepage (https://junchaoiu.github.io/); Google Scholar (https://scholar.google.com.hk/citations?user=jhLZtgYAAAAJ&hl=zh-CN); DBLP (https://dblp.org/pid/132/6774); ACL Anthology (https://aclanthology.org/people/j/junchao-wu/),Large Language Model; Machine Translation; Natural Language Processing,PhD student,University of Macau (um.edu.mo) [MO],2024,Present,MS student,University of Macau (um.edu.mo) [MO],2022,2024,Undergrad student,"Beijing Normal University, Zhuhai (bnu.edu.cn) [CN]",2018,2022,,,,,,,,,,,,,,,,,,,,,,,,
https://openreview.net/profile?id=~Jungseob_Lee2,Jungseob Lee,Homepage (https://github.com/js-lee-AI); Google Scholar (https://scholar.google.com/citations?user=dTBGyFIAAAAJ&hl=ko); DBLP (https://dblp.org/pid/92/31); Semantic Scholar (https://www.semanticscholar.org/author/Jungseob-Lee/1800111); ORCID (https://orcid.org/0000-0002-9431-6342); ACL Anthology (https://aclanthology.org/people/j/jungseob-lee/),Large Language Models; Open-domain dialogue system; Machine Translation; Natural language Processing,Researcher,Korea University (korea.ac.kr) [KR],2021,Present,PhD student,Korea University (korea.ac.kr) [KR],2022,2026,,,,,,,,,,,,,,,,,,,,,,,,,,,,
https://openreview.net/profile?id=~Kaien_Sho1,Kaien Sho,Homepage (https://www.misojiro.t.u-tokyo.ac.jp/en/),,MS student,The University of Tokyo (g.ecc.u-tokyo.ac.jp) [JP],2025,2027,,,,,,,,,,,,,,,,,,,,,,,,,,,,,,,,
https://openreview.net/profile?id=~Kartik_Nair1,Kartik Nair,Homepage (https://www.cse.iitb.ac.in/~kartikn); LinkedIn (https://www.linkedin.com/in/kartik-nair-476997224/),,MS student,Carnegie Mellon University (cmu.edu) [US],2025,2026,Undergrad student,"Indian Institute of Technology, Bombay (iitb.ac.in) [IN]",2021,2025,,,,,,,,,,,,,,,,,,,,,,,,,,,,
https://openreview.net/profile?id=~KyungJoong_Kim1,KyungJoong Kim,Homepage (https://cilab.gist.ac.kr); Google Scholar (https://scholar.google.com.au/citations?user=YBYE93sAAAAJ&hl=en); DBLP (https://dblp.org/pid/29/6903); Semantic Scholar (https://www.semanticscholar.org/author/Kyung-Joong-Kim/2155074209),Reinforcement Learning; Game Artificial Intelligence,Full Professor,Gwangju Institute of Science and Technology (gist.ac.kr) [KR],2025,Present,Associate Professor,Gwangju Institute of Science and Technology (gist.ac.kr) [KR],2019,2025,Associate Professor,Sejong University (sejong.ac.kr) [KR],2009,2019,Postdoc,Cornell University (cornell.edu) [US],2007,2009,PhD student,Yonsei University (yonsei.ac.kr) [KR],2002,2007,,,,,,,,,,,,,,,,
https://openreview.net/profile?id=~Laurenz_Muessig1,Laurenz Muessig,Homepage (https://profiles.ucl.ac.uk/25328-laurenz-muessig/about); Google Scholar (https://scholar.google.co.uk/citations?user=Om9v9Q0AAAAJ&hl=en); ORCID (https://orcid.org/0000-0003-0786-4437),Cognitive neuroscience; Behavioural neuroscience,Postdoc,"University College London, University of London (ucl.ac.uk) [GB]",2016,Present,Postdoc,"University College London, University of London (ucl.ac.uk) [GB]",2013,2016,PhD student,"University College London, University of London (ucl.ac.uk) [GB]",2009,2013,,,,,,,,,,,,,,,,,,,,,,,,
https://openreview.net/profile?id=~Licheng_Pan2,Licheng Pan,Google Scholar (https://scholar.google.com.hk/citations?hl=zh-CN&user=FFPj0EcAAAAJ); ORCID (https://orcid.org/0000-0003-3864-295X),Large Language Models; Time Series Forecasting; Soft Sensors,PhD student,Zhejiang University (zju.edu.cn) [CN],2025,2028,,,,,,,,,,,,,,,,,,,,,,,,,,,,,,,,
https://openreview.net/profile?id=~Lidia_S._Chao2,Lidia S. Chao,Google Scholar (https://scholar.google.com/citations?user=S2rz_mYAAAAJ&hl=zh-TW&oi=ao); DBLP (https://dblp.org/pid/123/0612); Semantic Scholar (https://www.semanticscholar.org/author/Lidia-S.-Chao/1774304); ORCID (https://orcid.org/0000-0001-6629-170X); ACL Anthology (https://aclanthology.org/people/l/lidia-s-chao/),machine translation,Coordinator,University of Macau (um.edu.mo) [MO],2008,Present,,,,,,,,,,,,,,,,,,,,,,,,,,,,,,,,
https://openreview.net/profile?id=~Luca_Franceschi1,Luca Franceschi,Google Scholar (https://scholar.google.co.uk/citations?user=NCls8VMAAAAJ&hl=en); DBLP (https://dblp.org/pid/203/4457),,Researcher,Amazon Development Center Germany (amazon.de),2022,Present,Postdoc,University College London (ucl.ac.uk),2021,2022,PhD student,University College London (ucl.ac.uk),2016,2021,PhD student,"Università degli Studi di Genova, Istituto Italiano di Tecnologia (iit.it)",2016,2021,,,,,,,,,,,,,,,,,,,,
https://openreview.net/profile?id=~Marco_P_Abrate1,Marco P Abrate,Google Scholar (https://scholar.google.com/citations?user=HoReB7gAAAAJ&hl=en); DBLP (https://dblp.org/pid/396/4053); ORCID (https://orcid.org/0000-0002-2225-4330),neuroscience; hippocampus; machine learning,PhD student,"University College London, University of London (ucl.ac.uk) [GB]",2022,Present,MS student,EPFL - EPF Lausanne (epfl.ch) [CH],2018,2021,,,,,,,,,,,,,,,,,,,,,,,,,,,,
https://openreview.net/profile?id=~Mattia_Nee1,Mattia Nee,Homepage (https://www.linkedin.com/in/mattia-nee-4b492023b/),,Researcher,pleias (pleias.fr) [FR],2024,Present,MS student,Sorbonne Université - Faculté des Sciences (Paris VI) (sorbonne-universite.fr) [FR],2025,2026,Undergrad student,University of Milan (unimi.it) [IT],2020,2024,,,,,,,,,,,,,,,,,,,,,,,,
https://openreview.net/profile?id=~Md._Aquib_Azmain1,Md. Aquib Azmain,Homepage (https://aquibazmain.github.io/); DBLP (https://dblp.org/pid/272/8176); Semantic Scholar (https://www.semanticscholar.org/author/Md.-Aquib-Azmain/10808020),Automatic Program Repair; Software Analytics; Software Testing,Lecturer,BRAC University (bracu.ac.bd) [BD],2021,2025,,,,,,,,,,,,,,,,,,,,,,,,,,,,,,,,
https://openreview.net/profile?id=~Miao_Xu5,Miao Xu,ORCID (https://orcid.org/0009-0000-0800-6579),,Researcher,Alibaba Group (alibaba-inc.com) [CN],2017,Present,,,,,,,,,,,,,,,,,,,,,,,,,,,,,,,,
https://openreview.net/profile?id=~Mikhail_Burtsev1,Mikhail Burtsev,Google Scholar (https://scholar.google.com/citations?user=t_PLQakAAAAJ&hl=en); DBLP (https://dblp.org/pid/85/5425); Semantic Scholar (https://www.semanticscholar.org/author/M.-Burtsev/3359236); ORCID (https://orcid.org/0000-0003-1614-1695); ACL Anthology (https://aclanthology.org/people/m/mikhail-burtsev/),deep learning; conversational AI; natural language processing; memory augmented networks,Researcher,London Institute for Mathematical Sciences (lims.ac.uk) [GB],2023,Present,Scientific Director,Artificial Intelligence Research Institute (airi.net) [RU],2021,2022,Head of the lab,Moscow Institute of Physics and Technology (mipt.ru) [RU],2015,2022,,,,,,,,,,,,,,,,,,,,,,,,
https://openreview.net/profile?id=~Min_Yang6,Min Yang,Homepage (https://minyang.me/); Google Scholar (https://scholar.google.com/citations?user=_wop6KgAAAAJ&hl=en); DBLP (https://dblp.org/pid/02/1640-7); ORCID (https://orcid.org/0000-0003-3814-2728); ACL Anthology (https://aclanthology.org/people/m/min-yang/),Large language models; Question answering; Dialogue Systems; Sentiment analysis; Knowledge base; Dialogue System; Sentiment Analysis,Full Professor,"Shenzhen Institutes of Advanced Technology, Chinese Academy of Sciences, Chinese Academy of Sciences (siat.ac.cn) [CN]",2025,Present,Associate Professor,"Shenzhen Institutes of Advanced Technology, Chinese Academy of Sciences, Chinese Academy of Sciences (siat.ac.cn) [CN]",2020,2025,Assistant Professor,"Shenzhen Institutes of Advanced Technology, Chinese Academy of Sciences, Chinese Academy of Sciences (siat.ac.cn) [CN]",2017,2019,PhD student,"The University of Hong Kong, The University of Hong Kong (cs.hku.hk) [CN]",2012,2017,,,,,,,,,,,,,,,,,,,,
https://openreview.net/profile?id=~Mushfiq_Zahid1,Mushfiq Zahid,LinkedIn (https://www.linkedin.com/in/mushfiq-zahid/),,Undergrad student,BRAC University (bracu.ac.bd) [BD],2021,2025,,,,,,,,,,,,,,,,,,,,,,,,,,,,,,,,
https://openreview.net/profile?id=~Nazar_Buzun1,Nazar Buzun,Google Scholar (https://scholar.google.com/citations?user=dxR12zkAAAAJ&hl=en); DBLP (https://dblp.org/pid/154/7701),Reinforcement learning; Optimal Transport,Researcher,Innopolis University (innopolis.university) [RU],2025,Present,Researcher,Skolkovo Institute of Science and Technology (I am no longer affiliated with this company) (skoltech.ru) [RU],2018,2025,,,,,,,,,,,,,,,,,,,,,,,,,,,,
https://openreview.net/profile?id=~Negar_Foroutan1,Negar Foroutan,Homepage (http://negar.foroutan.info/); Google Scholar (https://scholar.google.com/citations?user=jHeHoScAAAAJ&hl=en); DBLP (https://dblp.org/pid/174/4070); Semantic Scholar (https://www.semanticscholar.org/author/Negar-Foroutan-Eghlidi/3284604); ACL Anthology (https://aclanthology.org/people/n/negar-foroutan/),Multilingual Language Models; Natural Language Processing; LLMs,Researcher,Google (google.com) [CH],2025,Present,PhD student,"School of Computer and Communication Sciences, EPFL - EPF Lausanne (ic.epfl.ch) [CH]",2019,2025,,,,,,,,,,,,,,,,,,,,,,,,,,,,
https://openreview.net/profile?id=~Nikita_Serov1,Nikita Serov,Google Scholar (https://scholar.google.com/citations?user=bFOt1bsAAAAJ&hl=en); DBLP (https://dblp.org/pid/379/6157),generative models; representation learning; materials science; molecular biology; organic chemistry,Principal Researcher,ITMO University (itmo.ru) [RU],2023,Present,,,,,,,,,,,,,,,,,,,,,,,,,,,,,,,,
https://openreview.net/profile?id=~Paul_Teiletche1,Paul Teiletche,Google Scholar (https://scholar.google.com/citations?user=G33Z1BcAAAAJ&hl=fr),deep learning; artificial intelligence; machine learning; natural language processing,MS student,EPFL - EPF Lausanne (epfl.ch) [CH],2023,2026,,,,,,,,,,,,,,,,,,,,,,,,,,,,,,,,
https://openreview.net/profile?id=~Pavel_Chizhov1,Pavel Chizhov,Homepage (https://github.com/pchizhov); Google Scholar (https://scholar.google.com/citations?user=HEd9d_wAAAAJ&hl=en); DBLP (https://dblp.org/pid/347/1330); Semantic Scholar (https://www.semanticscholar.org/author/Pavel-Chizhov/2320308996); LinkedIn (https://www.linkedin.com/in/pchizhov); ACL Anthology (https://aclanthology.org/people/pavel-chizhov/),natural language processing; self-supervised learning; image denoising; computer vision,PhD student,Technical University of Applied Sciences Würzburg-Schweinfurt (thws.de) [DE],2024,Present,Researcher,PleIAs (pleias.fr) [FR],2024,Present,Lecturer,"institute of computer science, University of Tartu (cs.ut.ee) [EE]",2023,2024,MS student,"institute of computer science, University of Tartu (cs.ut.ee) [EE]",2021,2023,Intern,Yandex (yandex-team.ru) [RU],2021,2021,Intern,Engie (engie.com) [FR],2020,2021,,,,,,,,,,,,
https://openreview.net/profile?id=~Petr_Anokhin1,Petr Anokhin,Google Scholar (https://scholar.google.com/citations?user=7HLJ82QAAAAJ&hl=ru); DBLP (https://dblp.org/pid/369/3360),AI and Machine Learning; Neurophysiology,Principal Researcher,Lomonosov Moscow State University (msu.ru) [RU],2025,Present,Principal Researcher,AXXX (axxx.tech) [RU],2025,Present,Principal Researcher,Artificial Intelligence Research Institute (airi.net) [RU],2021,2025,MS student,Lomonosov Moscow State University (msu.ru),2008,2013,,,,,,,,,,,,,,,,,,,,
https://openreview.net/profile?id=~Pierre-Carl_Langlais1,Pierre-Carl Langlais,Google Scholar (https://scholar.google.fr/citations?user=7LA_tBQAAAAJ&hl=fr); LinkedIn (https://www.linkedin.com/in/pierre-carl-langlais-b0105b10/); Wikipedia (https://www.wikidata.org/wiki/Q27538435),LLM; Digital humanities; Open science,Researcher,Pleias (pleias.fr) [FR],2024,Present,Lecturer,Institut d'Etudes Politiques de Paris (Sciences Po) (sciencespo.fr) [FR],2018,Present,Postdoc,Université Paul Valéry (Montpellier III) (univ-montp3.fr),2018,2021,,,,,,,,,,,,,,,,,,,,,,,,
https://openreview.net/profile?id=~Pietro_Sittoni1,Pietro Sittoni,Homepage (https://www.linkedin.com/in/pietro-sittoni-9ab1a9208/),deep equilibrium models; implicit neural networks,PhD student,Gran Sasso Science Institute (gssi.it) [IT],2023,Present,MS student,University of Padua (unipd.it) [IT],2021,2023,,,,,,,,,,,,,,,,,,,,,,,,,,,,
https://openreview.net/profile?id=~Pontus_Stenetorp1,Pontus Stenetorp,Homepage (https://pontus.stenetorp.se); DBLP (https://dblp.org/pid/44/8358); ACL Anthology (https://aclanthology.org/people/p/pontus-stenetorp),Machine Reading Comprehension; Deep Learning; Natural Language Processing; Computational Linguistics; Biomedical Natural Language Processing,Full Professor,University College London (ucl.ac.uk) [GB],2023,Present,Associate Professor,University College London (ucl.ac.uk) [GB],2021,2023,Lecturer,University College London (ucl.ac.uk) [GB],2018,2021,Senior Research Associate,University College London (ucl.ac.uk) [GB],2017,2018,Research Associate,"University College London, University of London (ucl.ac.uk) [GB]",2015,2017,Postdoctoral Research Fellow,University of Tokyo (u-tokyo.ac.jp),2013,2015,Special Project Research Associate,National Institute of Informatics (nii.ac.jp) [JP],2013,2013,PhD student,University of Tokyo (u-tokyo.ac.jp) [JP],2010,2013,MSc Eng student,KTH Royal Institute of Technology (kth.se) [SE],2005,2010
https://openreview.net/profile?id=~QIANG_FU8,QIANG FU,Google Scholar (https://scholar.google.com/citations?user=gANaxT0AAAAJ&hl=zh-CN),reinforcement learning; deep learning,Principal Researcher,Tencent AI Lab (tencent.com) [CN],2019,Present,Senior Researcher,Tencent  (tencent.com) [CN],2013,2019,Researcher,Tencent (tencent.com) [CN],2011,2013,Researcher,Alibaba Group (alibaba.com) [CN],2009,2011,MS student,University of Science and Technology of China (ustc.edu.cn) [CN],2006,2009,,,,,,,,,,,,,,,,
https://openreview.net/profile?id=~Qichen_Ye1,Qichen Ye,Homepage (https://github.com/yeeeqichen); Google Scholar (https://scholar.google.com/citations?user=6MFWQPsAAAAJ&hl=zh-CN); DBLP (https://dblp.org/pid/333/0906),Natural Language Processing,Researcher,Alibaba Group (alibaba-inc.com) [CN],2024,Present,MS student,Peking University (pku.edu.cn) [CN],2021,2024,Undergrad student,Peking University (pku.edu.cn),2017,2021,,,,,,,,,,,,,,,,,,,,,,,,
https://openreview.net/profile?id=~Qingsong_Wen1,Qingsong Wen,Homepage (https://qingsongedu.github.io); Google Scholar (https://scholar.google.com/citations?user=vjPJvwYAAAAJ&hl=en); DBLP (https://dblp.org/pid/27/561); Semantic Scholar (https://www.semanticscholar.org/author/Qingsong-Wen/3308963); ORCID (https://orcid.org/0000-0003-4516-2524); LinkedIn (https://www.linkedin.com/in/qingsong-wen-22814156/); ACL Anthology (https://aclanthology.org/people/q/qingsong-wen/),time series; edtech; anomaly detection; AIOps; XAI; LLM; Agent; graph algorithms; graph computing; graph mining; signal processing; wireless communications; FPGA,Principal Researcher,Squirrel Ai Learning (squirrelai.com) [US],2023,Present,Researcher,Alibaba Group (alibaba-inc.com),2017,2023,PhD student,Georgia Institute of Technology (gatech.edu),2011,2017,,,,,,,,,,,,,,,,,,,,,,,,
https://openreview.net/profile?id=~Ron_Vainshtein1,Ron Vainshtein,DBLP (https://dblp.org/pid/336/9090); Semantic Scholar (https://www.semanticscholar.org/author/Ron-Vainshtein/2198486696); LinkedIn (https://www.linkedin.com/in/ron-vainshtein-284038192),Deep learning; Computer vision,MS student,"Technion - Israel Institute of Technology, Technion (technion.ac.il) [IL]",2018,Present,Undergrad student,"Technion - Israel Institute of Technology, Technion (technion.ac.il)",2013,2017,,,,,,,,,,,,,,,,,,,,,,,,,,,,
https://openreview.net/profile?id=~Rongquan_Bai1,Rongquan Bai,Google Scholar (https://scholar.google.com/citations?user=A3r7apwAAAAJ&hl=zh-CN); ORCID (https://orcid.org/0000-0001-6166-4650); LinkedIn (https://www.linkedin.com/in/rongquan-bai-99050623b/),Computational Advertising,Researcher,Alibaba Group (alibaba-inc.com) [CN],2015,2025,,,,,,,,,,,,,,,,,,,,,,,,,,,,,,,,
https://openreview.net/profile?id=~Ruihua_Song1,Ruihua Song,Google Scholar (https://scholar.google.com/citations?user=v5LctN8AAAAJ); DBLP (https://dblp.org/pid/s/RuihuaSong); ORCID (https://orcid.org/0000-0001-6036-9035); ACL Anthology (https://aclanthology.org/people/r/ruihua-song/),Multi-modality Understanding and Generation; Text Understanding and Generation; Information Retrieval and Extraction,Associate Professor,Renmin University of China (ruc.edu.cn) [CN],2020,Present,Researcher,Microsoft (microsoft.com) [CN],2003,2020,PhD student,Shanghai Jiao Tong University (sjtu.edu.cn) [CN],2006,2010,MS student,Tsinghua University (tsinghua.edu.cn) [CN],2000,2003,,,,,,,,,,,,,,,,,,,,
https://openreview.net/profile?id=~Runzhe_Zhan1,Runzhe Zhan,Homepage (http://runzhe.me/); Google Scholar (https://scholar.google.com/citations?user=7aKLE18AAAAJ); DBLP (https://dblp.org/pid/286/8257); Semantic Scholar (https://www.semanticscholar.org/author/Runzhe-Zhan/2051867267); ORCID (https://orcid.org/0000-0002-3175-6885); ACL Anthology (https://aclanthology.org/people/r/runzhe-zhan/),Natural Language Processing; Machine Translation,Postdoc,University of Macau (um.edu.mo) [MO],2026,Present,PhD student,University of Macau (um.edu.mo) [MO],2021,2025,MS student,University of Macau (um.edu.mo) [MO],2019,2021,,,,,,,,,,,,,,,,,,,,,,,,
https://openreview.net/profile?id=~S._M._Hozaifa_Hossain1,S. M. Hozaifa Hossain,LinkedIn (https://www.linkedin.com/in/hozaifa1),,Undergrad student,University of Dhaka (du.ac.bd) [BD],2002,Present,,,,,,,,,,,,,,,,,,,,,,,,,,,,,,,,
https://openreview.net/profile?id=~Sangyeon_Park1,Sangyeon Park,Homepage (https://sangyeon-park.github.io/); Google Scholar (https://scholar.google.com/citations?hl=ko&user=fMTWOWMAAAAJ); DBLP (https://dblp.org/pid/399/1771); Semantic Scholar (https://www.semanticscholar.org/author/Sangyeon-Park/2343824052); ORCID (https://orcid.org/0009-0004-4737-6926); LinkedIn (https://www.linkedin.com/in/sangyeon-park-rl/),plasticity loss; continual learning; reinforcement learning,MS student,Gwangju Institute of Science and Technology (gist.ac.kr) [KR],2023,2026,Undergrad student,Soongsil University (soongsil.ac.kr) [KR],2017,2023,,,,,,,,,,,,,,,,,,,,,,,,,,,,
https://openreview.net/profile?id=~Sayak_Ray_Chowdhury1,Sayak Ray Chowdhury,Homepage (https://sites.google.com/view/sayakraychowdhury/home); Google Scholar (https://scholar.google.com/citations?user=Q0_CaxYAAAAJ&hl=en); DBLP (https://dblp.org/pid/195/8152); Semantic Scholar (https://www.semanticscholar.org/author/Sayak-Ray-Chowdhury/9575953); LinkedIn (https://www.linkedin.com/in/sayak-ray-chowdhury-54878154/),Reinforcement learning; Multi armed bandits; Bayesian optimization; Differential privacy; Alignment,Assistant Professor,"Indian Institute of Technology, Kanpur (iitk.ac.in) [IN]",2024,Present,Postdoc,Microsoft Research (microsoft.com) [IN],2022,2024,Postdoc,"Boston University, Boston University (bu.edu) [US]",2021,2022,PhD student,Indian Institute of Science (iisc.ac.in) [IN],2016,2021,MS student,Indian Institute of Science (iisc.ac.in) [IN],2013,2015,,,,,,,,,,,,,,,,
https://openreview.net/profile?id=~Sebastian_Riedel1,Sebastian Riedel,Homepage (https://www.riedelcastro.org/); Google Scholar (https://scholar.google.com.tw/citations?user=AcCtcrsAAAAJ); DBLP (https://dblp.org/pid/18/3348-1.html); Semantic Scholar (https://www.semanticscholar.org/author/Sebastian-Riedel/48662861),,Researcher,Google (deepmind.com) [GB],2022,Present,Full Professor,University College London (ucl.ac.uk) [GB],2017,Present,Researcher,Facebook (fb.com),2018,2022,Associate Professor,University College London (ucl.ac.uk),2012,2017,Postdoc,"University of Massachusetts, Amherst (umass.edu)",2009,2012,Postdoc,University of Tokyo (u-tokyo.ac.jp),2008,2009,PhD student,University of Edinburgh (ed.ac.uk),2004,2008,,,,,,,,
https://openreview.net/profile?id=~Seongtae_Hong2,Seongtae Hong,Google Scholar (https://scholar.google.com/citations?user=6uU-QJAAAAAJ&hl=ko); DBLP (https://dblp.org/pid/62/9368); ORCID (https://orcid.org/0009-0002-2073-7731); LinkedIn (https://www.linkedin.com/in/seongtae-hong-31a15b274/); ACL Anthology (https://aclanthology.org/people/s/seongtae-hong/),,PhD student,Korea University (korea.ac.kr) [KP],2023,Present,Researcher,Korea Electronics Technology Institute (keti.re.kr) [KP],2022,2023,Undergrad student,Changwon National University (changwon.ac.kr) [KP],2016,2022,,,,,,,,,,,,,,,,,,,,,,,,
https://openreview.net/profile?id=~Seungwon_Oh1,Seungwon Oh,ORCID (https://orcid.org/0000-0002-1550-9016),,PhD student,Gwangju Institute of Science and Technology (gist.ac.kr) [KR],2023,Present,,,,,,,,,,,,,,,,,,,,,,,,,,,,,,,,
https://openreview.net/profile?id=~Shaojun_Shi1,Shaojun Shi,Google Scholar (https://scholar.google.com/citations?user=VKTemuEAAAAJ&hl=en),Multimodal Large Language Model,Undergrad student,Renmin University of China (ruc.edu.cn) [CN],2022,2026,,,,,,,,,,,,,,,,,,,,,,,,,,,,,,,,
https://openreview.net/profile?id=~Shie_Mannor2,Shie Mannor,Homepage (https://shie.net.technion.ac.il); Google Scholar (https://scholar.google.com.tw/citations?user=q1HlbIUAAAAJ); DBLP (https://dblp.org/pid/20/1669); Semantic Scholar (https://www.semanticscholar.org/author/Shie-Mannor/1712535),Machine learning,Full Professor,"Technion - Israel Institute of Technology, Technion (technion.il) [IL]",2013,Present,,,,,,,,,,,,,,,,,,,,,,,,,,,,,,,,
https://openreview.net/profile?id=~Shinji_Ito1,Shinji Ito,Homepage (https://researchmap.jp/shinji_ito?lang=en); Google Scholar (https://scholar.google.co.jp/citations?user=GX0V06wAAAAJ&hl=ja); DBLP (https://dblp.org/pid/49/852),,Associate Professor,The University of Tokyo (u-tokyo.ac.jp) [JP],2024,Present,Team Director,RIKEN (riken.jp) [JP],2024,Present,Principal Researcher,NEC (nec.com),2021,2024,Researcher,RIKEN (riken.jp),2020,2022,Researcher,NEC (nec.com),2015,2021,Researcher,NEC-Labs (nec-labs.com),2015,2021,PhD student,The University of Tokyo (tokyo.ac.jp),2018,2020,,,,,,,,
https://openreview.net/profile?id=~Shu_Yang10,Shu Yang,Google Scholar (https://scholar.google.com/citations?hl=en&user=RrKb-9oAAAAJ); DBLP (https://dblp.org/pid/18/6739-10.html); ORCID (https://orcid.org/0009-0009-1786-9187); ACL Anthology (https://aclanthology.org/people/s/shu-yang/),computational social science; deep learning,PhD student,King Abdullah University of Science and Technology (kaust.edu.sa) [SA],2024,2028,MS student,University of Macau (umac.mo) [MO],2022,2024,,,,,,,,,,,,,,,,,,,,,,,,,,,,
https://openreview.net/profile?id=~Shuai_Li3,Shuai Li,Homepage (http://shuaili8.github.io); Google Scholar (https://scholar.google.com.hk/citations?user=kMZgQxcAAAAJ&hl=zh-CN); DBLP (https://dblp.org/pid/57/2281-10); ORCID (https://orcid.org/0000-0002-3935-0708); ACL Anthology (https://aclanthology.org/people/s/shuai-li/),bandit algorithms; online learning; reinforcement learning; diffusion models; LLM theory,Associate Professor,Shanghai Jiaotong University (sjtu.edu.cn) [CN],2025,Present,Assistant Professor,"John Hopcroft Center, Shanghai Jiao Tong University (sjtu.edu.cn) [CN]",2019,2025,PhD student,"Department of Computer Science and Engineering, The Chinese University of Hong Kong (cse.cuhk.edu.hk) [HK]",2015,2019,,,,,,,,,,,,,,,,,,,,,,,,
https://openreview.net/profile?id=~Shujian_Huang1,Shujian Huang,Homepage (https://nlp.nju.edu.cn/huangsj/); Google Scholar (https://scholar.google.com/citations?user=HF3-E9kAAAAJ&hl=en); DBLP (https://dblp.org/pid/57/8451); Semantic Scholar (https://www.semanticscholar.org/author/Shujian-Huang/2046010); ORCID (https://orcid.org/0000-0003-4869-0832); ACL Anthology (https://aclanthology.org/people/shujian-huang),Large Language Model; Multilingualism; Machine Translation; Natural Language Processing,Full Professor,Nanjing University (nju.edu.cn) [CN],2023,Present,Associate Professor,Nanjing University (nju.edu.cn) [CN],2017,2023,,,,,,,,,,,,,,,,,,,,,,,,,,,,
https://openreview.net/profile?id=~Shuting_He1,Shuting He,Homepage (https://heshuting555.github.io/); Google Scholar (https://scholar.google.com/citations?user=mO40IjIAAAAJ); DBLP (https://dblp.org/pid/255/9456); Semantic Scholar (https://www.semanticscholar.org/author/Shuting-He/2115300944); ORCID (https://orcid.org/0000-0002-1582-5684),multi-modal learning; Segmentation; ReID,Assistant Professor,Shanghai University of Finance and Economics (sufe.edu.cn) [CN],2024,Present,Postdoc,Nanyang Technological University (ntu.edu.sg) [SG],2023,2024,PhD student,Zhejiang University (zju.edu.cn) [CN],2018,2023,Undergrad student,Xiamen University (xmu.edu.cn) [CN],2014,2018,,,,,,,,,,,,,,,,,,,,
https://openreview.net/profile?id=~Soumen_Chakrabarti1,Soumen Chakrabarti,Homepage (https://www.cse.iitb.ac.in/~soumen/); Google Scholar (https://scholar.google.com.tw/citations?user=LfF2zfQAAAAJ); DBLP (https://dblp.org/pid/c/SChakrabarti); Semantic Scholar (https://www.semanticscholar.org/author/Soumen-Chakrabarti/40941894); Wikipedia (https://en.wikipedia.org/wiki/Soumen_Chakrabarti); ACL Anthology (https://aclanthology.org/people/s/soumen-chakrabarti/),Knowledge graph representation; Question answering; Deep passage retrieval; Graph neural networks,Professor,Indian Institute of Technology Bombay (iitb.ac.in),2014,Present,Researcher,Google (google.com),2014,2016,Associate Professor,Indian Institute of Technology Bombay (iitb.ac.in),2004,2014,Associate Professor,Carnegie Mellon University (cmu.edu),2004,2004,Assistant Professor,Indian Institute of Technology Bombay (iitb.ac.in),1999,2004,Researcher,International Business Machines (ibm.com),1996,1999,,,,,,,,,,,,
https://openreview.net/profile?id=~Thomas_Joseph_Wills1,Thomas Joseph Wills,Homepage (https://profiles.ucl.ac.uk/5085-thomas-wills/about); Google Scholar (https://scholar.google.com/citations?user=hmc5r-IAAAAJ&hl=en); ORCID (https://orcid.org/0000-0002-1331-2869),neuroscience; memory; navigation,Full Professor,"University College London, University of London (ucl.ac.uk) [GB]",2024,2025,Associate Professor,"University College London, University of London (ucl.ac.uk) [GB]",2018,2024,,,,,,,,,,,,,,,,,,,,,,,,,,,,
https://openreview.net/profile?id=~Tianqiao_Liu1,Tianqiao Liu,Homepage (https://www.linkedin.com/in/tianqiao-liu-4a9446248/); Google Scholar (https://scholar.google.com/citations?user=HIuCuFkAAAAJ&hl=en); DBLP (https://dblp.org/pid/240/9193),Natural Language Processing; Casual Reasoning,Researcher,Tomorrow Advancing Life (tal.com) [CN],2023,2026,Researcher,Microsoft (microsoft.com),2022,2023,Researcher,Tomorrow Advancing Life (tal.com),2018,2023,MS student,Purdue University (purdue.edu) [US],2016,2018,,,,,,,,,,,,,,,,,,,,
https://openreview.net/profile?id=~Wenhui_Tan1,Wenhui Tan,Homepage (https://AlbertTan404.github.io); Google Scholar (https://scholar.google.com/citations?user=cELItK0AAAAJ&hl=en); DBLP (https://dblp.org/pid/05/10301),Robotics; Artificial Intelligence; Deep Learning,PhD student,Renmin University of China (ruc.edu.cn) [CN],2022,2027,,,,,,,,,,,,,,,,,,,,,,,,,,,,,,,,
https://openreview.net/profile?id=~Xi_WANG24,Xi WANG,ORCID (https://orcid.org/0009-0004-5293-2253),,Undergrad student,Harbin Institute of Technology (stu.hit.edu.cn),2021,2025,,,,,,,,,,,,,,,,,,,,,,,,,,,,,,,,
https://openreview.net/profile?id=~Xiangxiang_Xu1,Xiangxiang Xu,Homepage (https://xiangxiangxu.com/); Google Scholar (https://scholar.google.com/citations?user=u-BAw9sAAAAJ&hl=en); DBLP (https://dblp.org/pid/147/5345-1); ORCID (https://orcid.org/0000-0002-4178-0934); LinkedIn (https://www.linkedin.com/in/xiangxiangxu/),Information Theory; Representation Learning; Statistical Learning; Machine Learning Theory,Assistant Professor,University of Rochester (rochester.edu) [US],2025,Present,Postdoc,Massachusetts Institute of Technology (mit.edu) [US],2021,2025,PhD student,Tsinghua University (tsinghua.edu.cn) [CN],2014,2020,Undergrad student,Tsinghua University (tsinghua.edu.cn) [CN],2010,2014,,,,,,,,,,,,,,,,,,,,
https://openreview.net/profile?id=~Xin_Chen94,Xin Chen,Homepage (https://chen-x666.github.io/); Google Scholar (https://scholar.google.com/citations?user=CXP0_a0AAAAJ); ORCID (https://orcid.org/0000-0003-4021-5869),Large Language Model; Natural Language Processing; Knowledge Graph,PhD student,Nanjing University (smail.nju.edu.cn) [CN],2025,Present,Researcher,University of Macau (um.edu.mo) [CN],2024,2025,,,,,,,,,,,,,,,,,,,,,,,,,,,,
https://openreview.net/profile?id=~Xu_Gu1,Xu Gu,Google Scholar (https://scholar.google.com/citations?user=Ppt57QUAAAAJ&hl=zh-CN); DBLP (https://dblp.org/pid/29/4862-3.html); ORCID (https://orcid.org/0009-0003-4847-6593),multimedia; vision language; story telling; movie creation; video creation,PhD student,Renmin University of China (ruc.edu.cn) [CN],2021,2026,,,,,,,,,,,,,,,,,,,,,,,,,,,,,,,,
https://openreview.net/profile?id=~Xu_Liu12,Xu Liu,Homepage (https://scholar.google.com/citations?user=5LG-nBMAAAAJ); Google Scholar (https://scholar.google.com/citations?user=5LG-nBMAAAAJ); ORCID (https://orcid.org/0000-0003-0415-6945),,Researcher,Didi International Business Group (didiglobal.com) [CN],2025,Present,MS student,Shanghai Jiaotong University (sjtu.edu.cn),2022,2025,Undergrad student,Shanghai Jiaotong University (sjtu.edu.cn) [CN],2018,2022,,,,,,,,,,,,,,,,,,,,,,,,
https://openreview.net/profile?id=~Yevgeniya_Din1,Yevgeniya Din,Google Scholar (https://scholar.google.com/citations?user=LWW04-oAAAAJ&hl=en); DBLP (https://dblp.org/pid/394/8009),Artificial intelligence; Chemistry,MS student,ITMO University (niuitmo.ru) [RU],2024,2026,Undergrad student,ITMO University (niuitmo.ru) [RU],2020,2024,,,,,,,,,,,,,,,,,,,,,,,,,,,,
https://openreview.net/profile?id=~Yiqin_Lv1,Yiqin Lv,Homepage (https://dblp.org/pid/291/3737); DBLP (https://dblp.org/pid/291/3737); ORCID (https://orcid.org/0000-0003-1181-0212),Meta learning; Generative modeling,PhD student,National University of Defense Technology (nudt.edu.cn) [CN],2023,2026,,,,,,,,,,,,,,,,,,,,,,,,,,,,,,,,
https://openreview.net/profile?id=~Yixiu_Mao2,Yixiu Mao,Homepage (https://maoyixiu.github.io/); Google Scholar (https://scholar.google.com/citations?user=gNcb5LUAAAAJ); DBLP (https://dblp.org/pid/280/1045); Semantic Scholar (https://www.semanticscholar.org/author/Yixiu-Mao/2287961724); ORCID (https://orcid.org/0009-0000-7302-5039),,PhD student,Tsinghua University (mails.tsinghua.edu.cn) [CN],2021,Present,Undergrad student,Shanghai Jiao Tong University (sjtu.edu.cn) [CN],2017,2021,,,,,,,,,,,,,,,,,,,,,,,,,,,,
https://openreview.net/profile?id=~Youngjoon_Jang4,Youngjoon Jang,Homepage (https://yjoonjang.github.io); DBLP (https://dblp.org/pid/332/2096-2); Semantic Scholar (https://www.semanticscholar.org/author/Youngjoon-Jang/2329909756); ORCID (https://orcid.org/0009-0005-3591-638X); LinkedIn (https://www.linkedin.com/in/yjoonjang); ACL Anthology (https://aclanthology.org/people/youngjoon-jang/),LLMs; Information Retrieval,MS student,Korea University (korea.ac.kr) [KR],2025,Present,Undergrad student,Hongik University (hongik.ac.kr) [KR],2020,2025,,,,,,,,,,,,,,,,,,,,,,,,,,,,
https://openreview.net/profile?id=~Yuan_Lu7,Yuan Lu,Homepage (https://scholar.google.com/citations?user=zh-CN&user=WMlNF_IAAAAJ); Google Scholar (https://scholar.google.com/citations?user=zh-CN&user=WMlNF_IAAAAJ),large language model pretraining; instruction following; reinforcement learning from human feedback; languange model pretraining; dialogue system,Principal Researcher,Xiaohongshu (xiaohongshu.com) [CN],2025,Present,,,,,,,,,,,,,,,,,,,,,,,,,,,,,,,,
https://openreview.net/profile?id=~Yuchen_Ren5,Yuchen Ren,Homepage (http://www.siriusren.com); DBLP (https://dblp.org/pid/252/7814-5),Large Language Model,PhD student,Renmin University of China (ruc.edu.cn) [CN],2022,2027,Undergrad student,Beijing University of Post and Telecommunications (bupt.edu.cn) [CN],2018,2022,,,,,,,,,,,,,,,,,,,,,,,,,,,,
https://openreview.net/profile?id=~Yuchong_Sun1,Yuchong Sun,Google Scholar (https://scholar.google.com/citations?user=DuSxNqgAAAAJ&hl=zh-CN); DBLP (https://dblp.org/pid/206/8045); ACL Anthology (https://aclanthology.org/people/y/yuchong-sun/),vision-language,Researcher,Alibaba Group (alibaba-inc.com) [CN],2025,Present,PhD student,Renmin University of China (ruc.edu.cn) [CN],2020,2025,,,,,,,,,,,,,,,,,,,,,,,,,,,,
https://openreview.net/profile?id=~Zawad_Al_Akram1,Zawad Al Akram,LinkedIn (https://www.linkedin.com/in/zawad-al-akram-804450282/),,Undergrad student,BRAC University (bracu.ac.bd) [BD],2021,2025,,,,,,,,,,,,,,,,,,,,,,,,,,,,,,,,
https://openreview.net/profile?id=~Zeyu_Wu2,Zeyu Wu,Google Scholar (https://scholar.google.com/citations?hl=en&user=V5iMvowAAAAJ&view_op=list_works&gmla=AOv-ny-baYqc8Pya0cybbKtd8XSDZvEPXkoaCj_7M_H25dd_wk4cK-ckvjLCTGEhErLMZ2yyVKQ_vG1LWA8BLiQahttps://home.firefoxchina.cn),,MS student,University of Macau (um.edu.mo) [CN],2025,2027,,,,,,,,,,,,,,,,,,,,,,,,,,,,,,,,
https://openreview.net/profile?id=~Zhixuan_Chu1,Zhixuan Chu,Google Scholar (https://scholar.google.com/citations?user=a4IuTngAAAAJ&hl=en&oi=ao); DBLP (https://dblp.org/pid/258/1233); ORCID (https://orcid.org/0000-0001-6075-1816); ACL Anthology (https://aclanthology.org/people/z/zhixuan-chu/),LLM; foundation model; graph learning; time series; explanation; multimodal; prompt learning; generative language model; causal inference; treatment effect estimation; representation learning; deep learning; continual learning; incremental learning,Associate Professor,Zhejiang University (zju.edu.cn) [CN],2024,Present,Researcher,Ant Group (antgroup.com) [CN],2021,2024,PhD student,University of Georgia (uga.edu),2017,2021,,,,,,,,,,,,,,,,,,,,,,,,
https://openreview.net/profile?id=~Zhiyu_Mou1,Zhiyu Mou,Google Scholar (https://scholar.google.com/citations?user=OFwDAMoAAAAJ&hl=zh-CN&oi=ao),reinforcement learning,Researcher,Alibaba Group (alibaba-inc.com) [CN],2023,Present,MS student,"Tsinghua University, Tsinghua University (tsinghua.edu.cn)",2020,2023,Undergrad student,Beijing Institute of Technology (bit.edu.cn),2016,2020,,,,,,,,,,,,,,,,,,,,,,,,
https://openreview.net/profile?id=~Zhouchen_Lin1,Zhouchen Lin,Homepage (https://zhouchenlin.github.io); Google Scholar (https://scholar.google.com.tw/citations?user=TanjFwoAAAAJ); DBLP (https://dblp.org/pid/l/ZhouchenLin); Semantic Scholar (https://www.semanticscholar.org/author/Zhouchen-Lin/33383055); ORCID (https://orcid.org/0000-0003-1493-7569),Training of Deep Neural Networks; Neural Network Architecture Design; Convex and Nonconvex Optimization,Professor,Peking University (pku.edu.cn) [CN],2012,Present,Researcher,Microsoft (microsoft.com) [CN],2000,2012,,,,,,,,,,,,,,,,,,,,,,,,,,,,
https://openreview.net/profile?id=~Zi_Ciu_Chan1,Zhichao Chen,Homepage (https://ziciucanjustus.github.io/),,Postdoc,Peking University (pku.edu.cn) [CN],2025,2027,,,,,,,,,,,,,,,,,,,,,,,,,,,,,,,,
https://openreview.net/profile?id=~Zohar_Rimon1,Zohar Rimon,Homepage (https://zoharri.github.io/); Google Scholar (https://scholar.google.com/citations?user=GV8imVUAAAAJ&hl=iw&oi=ao); DBLP (https://dblp.org/pid/322/9338),Bayesian RL; Meta learning,PhD student,"Technion - Israel Institute of Technology, Technion - Israel Institute of Technology (campus.technion.ac.il)",2023,Present,MS student,"Technion - Israel Institute of Technology, Technion - Israel Institute of Technology (campus.technion.ac.il)",2021,2023,Undergrad student,"Technion - Israel Institute of Technology, Technion - Israel Institute of Technology (campus.technion.ac.il)",2016,2020,,,,,,,,,,,,,,,,,,,,,,,,
